{
  "properties": {
    "connectionReferences": {
      "shared_commondataservice": {
        "runtimeSource": "invoker",
        "connection": {
          "connectionReferenceLogicalName": "real_sharedcommondataservice_89c63"
        },
        "api": {
          "name": "shared_commondataservice"
        }
      },
      "shared_commondataserviceforapps": {
        "runtimeSource": "embedded",
        "connection": {
          "connectionReferenceLogicalName": "real_sharedcommondataserviceforapps_ae93b"
        },
        "api": {
          "name": "shared_commondataserviceforapps"
        }
      }
    },
    "definition": {
      "$schema": "https://schema.management.azure.com/providers/Microsoft.Logic/schemas/2016-06-01/workflowdefinition.json#",
      "contentVersion": "1.0.0.0",
      "parameters": {
        "$connections": {
          "defaultValue": {},
          "type": "Object"
        },
        "$authentication": {
          "defaultValue": {},
          "type": "SecureObject"
        }
      },
      "triggers": {
        "manual": {
          "splitOn": "@triggerBody()['rows']",
          "metadata": {
            "operationMetadataId": "a2f1113a-bf79-41c1-88e6-04329e462240"
          },
          "type": "Request",
          "kind": "ApiConnection",
          "inputs": {
            "schema": {
              "type": "object",
              "properties": {
                "rows": {
                  "type": "array",
                  "items": {
                    "type": "object",
                    "properties": {
                      "number": {
                        "title": "Amount Offered",
                        "type": "number",
                        "x-ms-dynamically-added": true,
                        "description": "Please enter a number",
                        "x-ms-content-hint": "NUMBER"
                      },
                      "date": {
                        "title": "Offer Date",
                        "type": "string",
                        "format": "date",
                        "x-ms-dynamically-added": true,
                        "description": "Please enter or select a date (YYYY-MM-DD)",
                        "x-ms-content-hint": "DATE"
                      },
                      "entity": {
                        "type": "object",
                        "properties": {
                          "_cr75a_propertylisting_value": {
                            "title": "Property Listing",
                            "type": "string",
                            "format": "guid"
                          },
                          "_cr75a_shownto_value": {
                            "title": "Shown to",
                            "type": "string",
                            "format": "guid"
                          },
                          "cr75a_showingid": {
                            "title": "Showing",
                            "type": "string",
                            "format": "guid"
                          }
                        },
                        "required": []
                      }
                    },
                    "required": [
                      "number",
                      "date"
                    ]
                  }
                }
              },
              "required": [
                "rows"
              ]
            },
            "host": {
              "connection": {
                "name": "@parameters('$connections')['shared_commondataservice']['connectionId']"
              }
            },
            "operationId": "GetOnNewItems_V2",
            "parameters": {
              "dataset": "default.cds",
              "table": "cr75a_showings"
            }
          }
        }
      },
      "actions": {
        "Get_Property": {
          "runAfter": {},
          "metadata": {
            "operationMetadataId": "84c877f4-f0e5-4ebc-9cb5-06d369c96b16"
          },
          "type": "OpenApiConnection",
          "inputs": {
            "host": {
              "connectionName": "shared_commondataserviceforapps",
              "operationId": "GetItem",
              "apiId": "/providers/Microsoft.PowerApps/apis/shared_commondataserviceforapps"
            },
            "parameters": {
              "entityName": "cr75a_realestateproperties",
              "recordId": "@triggerBody()?['entity']?['_cr75a_propertylisting_value']"
            },
            "authentication": {
              "type": "Raw",
              "value": "@json(decodeBase64(triggerOutputs().headers['X-MS-APIM-Tokens']))['$ConnectionKey']"
            }
          }
        },
        "Get_Contact_shown_to": {
          "runAfter": {
            "Get_Property": [
              "Succeeded"
            ]
          },
          "metadata": {
            "operationMetadataId": "d0f02780-1509-455e-bc3b-f4008f6f4605"
          },
          "type": "OpenApiConnection",
          "inputs": {
            "host": {
              "connectionName": "shared_commondataserviceforapps",
              "operationId": "GetItem",
              "apiId": "/providers/Microsoft.PowerApps/apis/shared_commondataserviceforapps"
            },
            "parameters": {
              "entityName": "contacts",
              "recordId": "@triggerBody()?['entity']?['_cr75a_shownto_value']"
            },
            "authentication": {
              "type": "Raw",
              "value": "@json(decodeBase64(triggerOutputs().headers['X-MS-APIM-Tokens']))['$ConnectionKey']"
            }
          }
        },
        "Create_Offer": {
          "runAfter": {
            "Get_Contact_shown_to": [
              "Succeeded"
            ]
          },
          "metadata": {
            "operationMetadataId": "5bc737ca-dcc9-4de5-b2e0-e7e2132ccca1"
          },
          "type": "OpenApiConnection",
          "inputs": {
            "host": {
              "connectionName": "shared_commondataserviceforapps",
              "operationId": "CreateRecord",
              "apiId": "/providers/Microsoft.PowerApps/apis/shared_commondataserviceforapps"
            },
            "parameters": {
              "entityName": "cr75a_offers",
              "item/cr75a_name": "@{outputs('Get_Contact_shown_to')?['body/firstname']} offer on @{outputs('Get_Property')?['body/cr75a_propertyname']}",
              "item/cr75a_offeramount": "@triggerBody()['number']",
              "item/cr75a_offerdate": "@triggerBody()['date']",
              "item/cr75a_PropertyListing@odata.bind": "real_realestateproperties(@{outputs('Get_Property')?['body/cr75a_realestatepropertyid']})",
              "item/cr75a_Showing@odata.bind": "real_showings(@{triggerBody()?['entity']?['cr75a_showingid']})"
            },
            "authentication": {
              "type": "Raw",
              "value": "@json(decodeBase64(triggerOutputs().headers['X-MS-APIM-Tokens']))['$ConnectionKey']"
            }
          }
        }
      },
      "outputs": {}
    }
  },
  "schemaVersion": "1.0.0.0"
}