{
  "namedEntities": [
    {
      "synonyms": [
        "home"
      ],
      "id": "ff0ca6dd-de7a-4bee-b849-16210d63f3c5",
      "displayName": "Home User",
      "updatedTime": "2022-07-25T20:38:28.1892054Z",
      "updatedUserId": "669e4d9b-e2e1-4c15-973f-8124e40768b6"
    },
    {
      "synonyms": [
        "gaming"
      ],
      "id": "2ccf421b-89a6-43a8-8b4f-b8d8f63b58bf",
      "displayName": "Gamer",
      "updatedTime": "2022-07-25T20:38:28.1892054Z",
      "updatedUserId": "669e4d9b-e2e1-4c15-973f-8124e40768b6"
    },
    {
      "synonyms": [
        "business"
      ],
      "id": "2d32734c-9552-47c5-963b-563fe1d9ea7e",
      "displayName": "Business User",
      "updatedTime": "2022-07-25T20:38:28.1892054Z",
      "updatedUserId": "669e4d9b-e2e1-4c15-973f-8124e40768b6"
    }
  ],
  "closedListTypes": [
    {
      "namedEntities": [
        "ff0ca6dd-de7a-4bee-b849-16210d63f3c5",
        "2ccf421b-89a6-43a8-8b4f-b8d8f63b58bf",
        "2d32734c-9552-47c5-963b-563fe1d9ea7e"
      ],
      "smartMatchingEnabled": true,
      "customTypeSchema": "ClosedList",
      "id": "new_customtype_dfc5d7567ee54cbea4d2d4bc26ede150_f86fcadfd497444e91ed11c12b059d10",
      "displayName": "Usage Type",
      "description": "Lesson 4 Usage Type Entity",
      "createdTime": "2019-10-25T14:03:43.9601778Z",
      "updatedTime": "2022-07-25T20:38:28.1892054Z",
      "createdUserId": "user0",
      "updatedUserId": "669e4d9b-e2e1-4c15-973f-8124e40768b6"
    }
  ]
}