<bot_botcomponentset>
  <bot_botcomponent botcomponentid.schemaname="new_customtype_dfc5d7567ee54cbea4d2d4bc26ede150_92610204747047ac8f788f7eecd91118" botid.schemaname="new_bot_dfc5d7567ee54cbea4d2d4bc26ede150">
    <iscustomizable>1</iscustomizable>
  </bot_botcomponent>
  <bot_botcomponent botcomponentid.schemaname="new_customtype_dfc5d7567ee54cbea4d2d4bc26ede150_f86fcadfd497444e91ed11c12b059d10" botid.schemaname="new_bot_dfc5d7567ee54cbea4d2d4bc26ede150">
    <iscustomizable>1</iscustomizable>
  </bot_botcomponent>
  <bot_botcomponent botcomponentid.schemaname="new_topic_ba26e0344ae840ab979d28efeae3c697" botid.schemaname="new_bot_dfc5d7567ee54cbea4d2d4bc26ede150">
    <iscustomizable>1</iscustomizable>
  </bot_botcomponent>
  <bot_botcomponent botcomponentid.schemaname="new_topic_bc9432af7e9448e387ea815a51e5925a" botid.schemaname="new_bot_dfc5d7567ee54cbea4d2d4bc26ede150">
    <iscustomizable>1</iscustomizable>
  </bot_botcomponent>
  <bot_botcomponent botcomponentid.schemaname="new_topic_dfc5d7567ee54cbea4d2d4bc26ede150_3d2584ec30914684839527e05e7be172_thankyou" botid.schemaname="new_bot_dfc5d7567ee54cbea4d2d4bc26ede150">
    <iscustomizable>1</iscustomizable>
  </bot_botcomponent>
  <bot_botcomponent botcomponentid.schemaname="new_topic_dfc5d7567ee54cbea4d2d4bc26ede150_8a4964498f83424bb3a86295bf7d0952_startover" botid.schemaname="new_bot_dfc5d7567ee54cbea4d2d4bc26ede150">
    <iscustomizable>1</iscustomizable>
  </bot_botcomponent>
  <bot_botcomponent botcomponentid.schemaname="new_topic_dfc5d7567ee54cbea4d2d4bc26ede150_954135cafcd647eaae5999ad91fc08cf_talktoagent" botid.schemaname="new_bot_dfc5d7567ee54cbea4d2d4bc26ede150">
    <iscustomizable>1</iscustomizable>
  </bot_botcomponent>
  <bot_botcomponent botcomponentid.schemaname="new_topic_dfc5d7567ee54cbea4d2d4bc26ede150_aeabea4d071f415c8c107e1cb7af5424_assumedsuccess" botid.schemaname="new_bot_dfc5d7567ee54cbea4d2d4bc26ede150">
    <iscustomizable>1</iscustomizable>
  </bot_botcomponent>
  <bot_botcomponent botcomponentid.schemaname="new_topic_dfc5d7567ee54cbea4d2d4bc26ede150_ba7b967c97ba4c39bca58a8bb6a72d59_conversationstart" botid.schemaname="new_bot_dfc5d7567ee54cbea4d2d4bc26ede150">
    <iscustomizable>1</iscustomizable>
  </bot_botcomponent>
  <bot_botcomponent botcomponentid.schemaname="new_topic_dfc5d7567ee54cbea4d2d4bc26ede150_d2198a5ee41a48a5bf70ab8970145a9f_confirmedfailure" botid.schemaname="new_bot_dfc5d7567ee54cbea4d2d4bc26ede150">
    <iscustomizable>1</iscustomizable>
  </bot_botcomponent>
  <bot_botcomponent botcomponentid.schemaname="new_topic_dfc5d7567ee54cbea4d2d4bc26ede150_db1f76b081dc43389df9dd2df7518737_confirmedsuccess" botid.schemaname="new_bot_dfc5d7567ee54cbea4d2d4bc26ede150">
    <iscustomizable>1</iscustomizable>
  </bot_botcomponent>
  <bot_botcomponent botcomponentid.schemaname="new_topic_dfc5d7567ee54cbea4d2d4bc26ede150_f56d1a3e522740c78f9fac0939332dbd_goodbye" botid.schemaname="new_bot_dfc5d7567ee54cbea4d2d4bc26ede150">
    <iscustomizable>1</iscustomizable>
  </bot_botcomponent>
</bot_botcomponentset>